能源用戶名稱,所在區域
光田醫療社團法人大甲院區,臺中市大甲區
臺中市私立致用高級中學,臺中市大甲區
興農股份有限公司,臺中市大肚區
大買家股份有限公司大里國光分公司,臺中市大里區
仁愛醫療財團法人,臺中市大里區
台中市私立僑泰高級中學,臺中市大里區
修平學校財團法人修平科技大學,臺中市大里區
私立大明高級中學,臺中市大里區
台中市私立立人高級中學,臺中市大里區
臺中市青年高級中學,臺中市大里區
空軍第４２７戰術戰鬥機聯隊,臺中市大雅區
科技部中部科學工業園區管理局(汙水處理廠),臺中市大雅區
國立勤益科技大學,臺中市太平區
國軍台中總醫院,臺中市太平區
正點產業股份有限公司,臺中市太平區
臺中市私立慈明高級中學,臺中市太平區
環球巨星大樓管理委員會,臺中市北屯區
大買家股份有限公司台中北屯分公司,臺中市北屯區
中臺科技大學,臺中市北屯區
台中市私立衛道高級中學,臺中市北屯區
特力屋股份有限公司北屯分公司,臺中市北屯區
台中日光溫泉會館股份有限公司,臺中市北屯區
葳格學校財團法人,臺中市北屯區
國立自然科學博物館,臺中市北區
國立臺中科技大學,臺中市北區
中國醫藥大學,臺中市北區
中友百貨股份有限公司(A館),臺中市北區
中友百貨股份有限公司(B、C館),臺中市北區
中華電信(股)公司台中營運處(交換大樓及綜合大樓),臺中市北區
中國醫藥大學附設醫院,臺中市北區
中國醫藥大學附設醫院,臺中市北區
國立臺中第一高級中學,臺中市北區
大潤發流通事業(股)公司 台中分公司,臺中市北區
國立臺中第二高級中學,臺中市北區
臺中市私立新民高級中學,臺中市北區
新天地國際實業股份有限公司北區分公司,臺中市北區
中國醫藥大學附設醫院,臺中市北區
台中市肉品市場股份有限公司,臺中市北區
月眉國際開發股份有限公司,臺中市后里區
正隆股份有限公司后里分公司,臺中市后里區
逢甲大學,臺中市西屯區
東海大學,臺中市西屯區
勞動部勞動力發展署中彰投分署,臺中市西屯區
長榮國際(股)公司台中分公司,臺中市西屯區
澄清綜合醫院中港分院,臺中市西屯區
僑光科技大學,臺中市西屯區
新光三越百貨(股)公司 台中中港分公司(包含電影事業-台中新光影城),臺中市西屯區
玉鼎餐飲股份有限公司,臺中市西屯區
遠百企業股份有限公司中港分公司,臺中市西屯區
野美國際開發股份有限公司,臺中市西屯區
家樂福(股)公司中清分公司,臺中市西屯區
中華郵政股份有限公司資訊處台中備援中心,臺中市西屯區
裕國冷凍冷藏（股）公司,臺中市西屯區
臺中榮民總醫院,臺中市西屯區
豐昱國際股份有限公司(永豐棧酒店),臺中市西屯區
台灣家樂福股份有限公司青海分公司,臺中市西屯區
寶成工業股份有限公司(裕元花園酒店),臺中市西屯區
台灣高速鐵路股份有限公司(台中變電站),臺中市西屯區
福順股份有限公司(台中福華大飯店),臺中市西屯區
臺中市政府警察局,臺中市西屯區
台灣糖業股份有限公司(台糖量販台中店),臺中市西屯區
財團法人國家實驗研究院國家高速網路與計算中心(台中分部),臺中市西屯區
台灣大哥大股份有限公司,臺中市西屯區
科技部中部科學工業園區管理局,臺中市西屯區
臺中市政府(新市政大樓),臺中市西屯區
遠東百貨股份有限公司台中分公司,臺中市西屯區
柏地國際事業股份有限公司,臺中市西屯區
臺中市議會,臺中市西屯區
日月千禧酒店股份有限公司,臺中市西屯區
遠雄人壽保險事業股份有限公司,臺中市西屯區
臺中市政府（大都會歌劇院）,臺中市西屯區
林園酒店股份有限公司,臺中市西屯區
國泰人壽保險股份有限公司(中港大樓),臺中市西區
國立臺灣美術館,臺中市西區
台灣台中地方法院(台中司法大廈),臺中市西區
林鼎高峰大樓管理委員會,臺中市西區
廣三崇光國際開發股份有限公司,臺中市西區
衛生福利部臺中醫院,臺中市西區
中華電信(股)公司行動通信分公司台中營運處,臺中市西區
勤美股份有限公司(台中分公司),臺中市西區
龍邦世貿大樓管理委員會,臺中市西區
國立臺中教育大學,臺中市西區
財政部中區國稅局暨國有財產署中區分署聯合辦公大樓,臺中市西區
國立臺中教育大學,臺中市西區
國泰人壽保險股份有限公司(忠明大樓),臺中市西區
國泰建設股份有限公司,臺中市西區
日華金典國際酒店股份有限公司,臺中市西區
全國大飯店股份有限公司,臺中市西區
靜宜大學,臺中市沙鹿區
光田醫療社團法人光田綜合醫院沙鹿院區,臺中市沙鹿區
弘光科技大學,臺中市沙鹿區
台灣家樂福股份有限公司(沙鹿店),臺中市沙鹿區
童綜合醫療社團法人童綜合醫院(沙鹿院區),臺中市沙鹿區
交通部民用航空局臺中航空站,臺中市沙鹿區
大魯閣新時代購物中心,臺中市東區
台中市立惠文高級中學,臺中市南屯區
黎明辦公區聯合管理委員會,臺中市南屯區
嶺東科技大學,臺中市南屯區
國泰人壽保險股份有限公司(台中公益大樓),臺中市南屯區
誠友開發（股）公司,臺中市南屯區
法務部矯正署台中監獄,臺中市南屯區
中華郵政股份有限公司臺中郵件處理中心,臺中市南屯區
林新醫療社團法人林新醫院,臺中市南屯區
中華電信(股)公司數據通信分公司(台中文心大樓),臺中市南屯區
台灣家樂福股份有限公司文心分公司,臺中市南屯區
臺中魚市場股份有限公司,臺中市南屯區
好市多股份有限公司台中分公司,臺中市南屯區
台中市私立嶺東高級中學,臺中市南屯區
潮港城事業股份有限公司,臺中市南屯區
宜家家居股份有限公司台中分公司,臺中市南屯區
國立中興大學,臺中市南區
台灣高等法院台中分院暨台中高等行政法院,臺中市南區
國立公共資訊圖書館,臺中市南區
國立台中高級工業職業學校,臺中市南區
中山醫學大學,臺中市南區
中山醫學大學附設醫院,臺中市南區
遠百企業股份有限公司台中復興分公司,臺中市南區
文化部文化資產局,臺中市南區
臺中市福田水資源回收中心,臺中市南區
私立明道中學,臺中市烏日區
陸軍步兵第104旅,臺中市烏日區
台灣高速鐵路股份有限公司(台中車站),臺中市烏日區
台灣高速鐵路股份有限公司(烏日基地變電站),臺中市烏日區
清新國際股份有限公司(清新溫泉度假飯店),臺中市烏日區
聯合報股份有限公司(大台中國際會展中心),臺中市烏日區
空軍第一後勤指揮部,臺中市神崗區
台灣中油(股)公司油品行銷事業部臺中營業處台中港供油中心,臺中市梧棲區
長榮國際儲運股份有限公司,臺中市梧棲區
童綜合醫療社團法人童綜合醫院(梧棲院區),臺中市梧棲區
萬海航運股份有限公司,臺中市梧棲區
嘉新國際股份有限公司台中廠,臺中市梧棲區
東森國際(股)公司台中營運管理處,臺中市清水區
東森國際股份有限公司台中營運管理處,臺中市清水區
交通部臺灣鐵路管理局彰化電力段(甲南變電站),臺中市清水區
佛教慈濟醫療財團法人台中慈濟醫院,臺中市潭子區
安順裝卸股份有限公司,臺中市龍井區
中華電信(股)公司台中營運處中二局,臺中市豐原區
豐洋興業股份有限公司豐原分公司,臺中市豐原區
遠百企業股份有限公司豐原分公司,臺中市豐原區
衛生福利部豐原醫院,臺中市豐原區
交通部台灣鐵路管理局(豐原變電站),臺中市豐原區
臺中市政府(陽明市政大樓),臺中市豐原區
台灣家樂福(股)有限公司豐原分公司,臺中市豐原區
統源國際資產管理股份有限公司,臺中市豐原區
行政院農業委員會農業試驗所,臺中市霧峰區
行政院農業委員會農業藥物毒物試驗所,臺中市霧峰區
朝陽科技大學,臺中市霧峰區
財團法人亞洲大學,臺中市霧峰區
東吳大學(雙溪校區),臺北市士林區
台北市立聯合醫院(陽明院區),臺北市士林區
劍潭海外青年活動中心,臺北市士林區
台北美國學校,臺北市士林區
新光醫療財團法人新光吳火獅紀念醫院,臺北市士林區
大葉高島屋百貨股份有限公司,臺北市士林區
國立故宮博物院,臺北市士林區
台北市立天文科學教育館,臺北市士林區
士林電機廠股份有限公司(仰德大樓),臺北市士林區
台北海洋技術學院,臺北市士林區
中華電信股份有限公司台灣北區電信分公司台北營運處,臺北市士林區
銘傳大學(台北校區),臺北市士林區
中國文化大學,臺北市士林區
國立臺灣科學教育館,臺北市士林區
新光三越百貨股份有限公司 台北天母分公司A館,臺北市士林區
新光三越百貨(股)公司 台北天母分公司B館(不包含美麗華影城),臺北市士林區
新光天母傑仕堡福華天母店,臺北市士林區
台北市政府社會局(台北市至善老人安養護中心),臺北市士林區
國防部衡山管理隊,臺北市士林區
臺北市政府體育局(臺北市天母棒球場),臺北市士林區
財團法人台北歐洲學校,臺北市士林區
中鼎工程股份有限公司,臺北市士林區
太平洋崇光百貨(股)公司天母分公司,臺北市士林區
臺北市立大學天母校區,臺北市士林區
臺北市市場處（士東市場）,臺北市士林區
臺北市公有士林市場自治會,臺北市士林區
法官學院,臺北市士林區
臺北大眾捷運股份有限公司(臺北市立兒童新樂園),臺北市士林區
台北市政府工務局衛生下水道工程處(迪化污水處理廠),臺北市大同區
國產實業大樓管理負責人,臺北市大同區
財政部關務署(原財政部關稅總局),臺北市大同區
臺北市立聯合醫院(中興院區),臺北市大同區
國茶企業股份有限公司,臺北市大同區
家福(股)公司重慶分公司,臺北市大同區
臺灣銀行資訊大樓,臺北市大同區
京站實業股份有限公司,臺北市大同區
萬達通實業股份有限公司(臺北轉運站),臺北市大同區
雲朗觀光股份有限公司(台北君品酒店),臺北市大同區
中華郵政(股)公司台北郵件處理中心,臺北市大安區
國立台灣大學,臺北市大安區
光復大樓管理委員會,臺北市大安區
大陸大樓管理委員會,臺北市大安區
寶通大樓管理委員會,臺北市大安區
台北市聯合醫院(仁愛院區),臺北市大安區
國立臺灣科技大學,臺北市大安區
國泰世華銀行大樓管理委員會,臺北市大安區
福華大飯店股份有限公司,臺北市大安區
統領百貨股份有限公司,臺北市大安區
寶豐隆興業(股)公司(敦南金融大樓),臺北市大安區
芙蓉大樓管理委員會,臺北市大安區
國立台灣師範大學(圖書館校區),臺北市大安區
國泰醫療財團法人國泰綜合醫院,臺北市大安區
潤泰金融大樓管理委員會,臺北市大安區
時代通商廣場大樓管理委員會,臺北市大安區
國泰人壽保險股份有限公司總公司,臺北市大安區
太平洋崇光百貨股份有限公司,臺北市大安區
中華郵政股份有限公司(金山大樓),臺北市大安區
國立臺北科技大學,臺北市大安區
中華電信台北營運處電力心東一機房,臺北市大安區
中央百世大樓管理委員會,臺北市大安區
中華郵政股份有限公司(愛國大樓),臺北市大安區
中華電視股份有限公司(光復大樓),臺北市大安區
國泰人壽保險股份有限公司(敦南商業大樓),臺北市大安區
科技大樓管理會管理小組,臺北市大安區
國泰人壽保險股份有限公司(台北國際大樓),臺北市大安區
國立台灣師範大學(校本部校區),臺北市大安區
遠鼎股份有限公司(辦公大樓),臺北市大安區
鼎鼎大飯店股份有限公司,臺北市大安區
衛生福利部中央健康保險署(信義大樓),臺北市大安區
中華電視股份有限公司(華視大樓),臺北市大安區
富邦金融大樓,臺北市大安區
台北大眾捷運股份有限公司(捷運板橋線),臺北市大安區
太平洋崇光百貨股份有限公司(敦化館),臺北市大安區
國泰人壽保險股份有限公司(敦南財經大樓),臺北市大安區
福華大飯店股份有限公司人力中心營業所,臺北市大安區
國立臺北教育大學,臺北市大安區
國立台灣師範大學附屬高級中學,臺北市大安區
中華郵政股份有限公司(愛國大樓),臺北市大安區
臺灣土地銀行(和平大樓),臺北市大安區
世貿大樓管理委員會,臺北市大安區
台北大眾捷運股份有限公司(東區地下街),臺北市大安區
明曜百貨股份有限公司,臺北市大安區
台北市立大安高級工業職業學校,臺北市大安區
中華電信(股)公司行動通信分公司(行通大樓),臺北市大安區
神旺大飯店股份有限公司,臺北市大安區
敦南大樓管理委員會,臺北市大安區
國立台灣師範大學(學一舍校區),臺北市大安區
空軍作戰指揮部,臺北市大安區
台新金控大樓管理委員會,臺北市大安區
中華電信(股)公司台北營運處(金山大樓),臺北市大安區
中國文化大學(建國本部大夏館),臺北市大安區
台北市立圖書館,臺北市大安區
遠鼎股份有限公司(商場),臺北市大安區
太平洋崇光百貨股份有限公司復興分公司,臺北市大安區
中華電信股份有限公司國際電信分公司,臺北市大安區
財團法人台北市私立復興國民中小學,臺北市大安區
福容大飯店股份有限公司台北分公司,臺北市大安區
三創數位股份有限公司,臺北市大安區
嘉新水泥股份有限公司(嘉新大樓),臺北市中山區
馬偕紀念醫院,臺北市中山區
欣欣大眾市場股份有限公司(前館),臺北市中山區
彰化商業銀行股份有限公司(台北大樓),臺北市中山區
中華電信台北營運處(北一機房),臺北市中山區
國賓大飯店股份有限公司,臺北市中山區
志清大樓管理委員會,臺北市中山區
友邦有限公司(聯邦商業大樓管理委員會),臺北市中山區
國際商業大樓管理處,臺北市中山區
新光三越百貨(股)公司 台北南西分公司二館,臺北市中山區
北富銀中山大樓,臺北市中山區
臺北市立美術館,臺北市中山區
春暉新世界東光自治區管理委員會,臺北市中山區
兆豐國際商銀-國泰二號不動產投資信託基金-民生商業,臺北市中山區
大同大樓管理委員會,臺北市中山區
南山人壽保險股份有限公司(民權大樓),臺北市中山區
欣欣大眾市場股份有限公司(後館),臺北市中山區
晶華國際酒店股份有限公司,臺北市中山區
時代金融廣場大樓管理委員會,臺北市中山區
上海商業儲蓄銀行,臺北市中山區
台北大眾捷運股份有限公司(捷運淡水線-南段),臺北市中山區
八德大樓管理委員會,臺北市中山區
華國大飯店股份有限公司,臺北市中山區
六福開發股份有限公司南京分公司,臺北市中山區
華南商業銀行中山分行,臺北市中山區
實踐大學,臺北市中山區
新光三越百貨(股)公司台北南西分公司,臺北市中山區
圓山大飯店(台北),臺北市中山區
新光中山大樓,臺北市中山區
全球人壽保險股份有限公司,臺北市中山區
新光三越百貨(股)公司 台北南西分公司三館,臺北市中山區
台灣水泥股份有限公司(台泥大樓),臺北市中山區
臺北市政府捷運工程局,臺北市中山區
兆豐國際商業銀行(兆吉大樓),臺北市中山區
台北農產運銷股份有限公司,臺北市中山區
國泰建設股份有限公司,臺北市中山區
海軍司令部人事軍務處,臺北市中山區
國防部憲兵指揮部忠貞營區,臺北市中山區
美麗華城市發展股份有限公司,臺北市中山區
世界之頂商業大樓管理委員會,臺北市中山區
中崙大樓管理委員會,臺北市中山區
潤泰創新國際(股)公司中崙分公司,臺北市中山區
凱基證券股份有限公司(凱基金融大樓),臺北市中山區
南山人壽保險(股)公司(南山民生大樓管理中心),臺北市中山區
家福(股)公司台北大直分公司,臺北市中山區
遠百企業股份有限公司大直分公司,臺北市中山區
私立大同大學,臺北市中山區
亞都麗緻大飯店股份有限公司,臺北市中山區
美麗信酒店股份有限公司,臺北市中山區
國立臺北大學(台北校區),臺北市中山區
大來育樂股份有限公司(維多麗亞酒店),臺北市中山區
日盛証券股份有限公司,臺北市中山區
萬國商業開發股份有限公司,臺北市中山區
建北大樓,臺北市中山區
典華婚訂資源整合股份有限公司,臺北市中山區
登峰旅館股份有限公司,臺北市中山區
第一商業銀行股份有限公司中山分公司,臺北市中山區
臺北大眾捷運股份有限公司(捷運新莊線-市區段),臺北市中山區
財團法人臺北市會展產業發展基金會,臺北市中山區
長鴻榮實業股份有限公司,臺北市中山區
國防部空軍司令部人事軍務處,臺北市中山區
玉山商業銀行股份有限公司,臺北市中山區
臺灣人壽保險股份有限公司,臺北市中山區
中影股份有限公司,臺北市中山區
臺北漁產運銷股份有限公司民族營業處,臺北市中山區
美麗華實業股份有限公司,臺北市中山區
合作金庫商業銀行股份有限公司,臺北市中山區
宜華國際股份有限公司(台北萬豪酒店),臺北市中山區
國防部政務辦公室,臺北市中山區
國立台灣大學醫學院附設醫院(西址),臺北市中正區
外交部,臺北市中正區
國裕開發股份有限公司(台北凱撒飯店),臺北市中正區
第一商業銀行股份有限公司(總行大樓),臺北市中正區
中華郵政股份有限公司臺北郵局,臺北市中正區
台灣銀行股份有限公司(不動產管理部),臺北市中正區
遠東百貨(股)公司台北分公司,臺北市中正區
館前聯合大樓管理委員會,臺北市中正區
新生報業廣場大樓管理委員會,臺北市中正區
中華電信台北營運處(南一機房),臺北市中正區
世界貿易大樓管理處,臺北市中正區
寒舍餐旅管理顧問股份有限公司,臺北市中正區
中華電信(股)公司台灣北區電信分公司,臺北市中正區
國立中正紀念堂管理處,臺北市中正區
中央銀行,臺北市中正區
交通部臺灣鐵路管理局(臺北車站),臺北市中正區
台灣電力公司,臺北市中正區
仰德大樓管理委員會,臺北市中正區
交通部中央氣象局,臺北市中正區
國立台灣大學醫學院附設醫院(東址),臺北市中正區
國立台北商業大學,臺北市中正區
中央保險大樓管理委員會,臺北市中正區
仰德大樓管理委員會,臺北市中正區
台灣台北地方法院,臺北市中正區
國家圖書館,臺北市中正區
信誼企業股份有限公司,臺北市中正區
內政部警政署,臺北市中正區
財政部,臺北市中正區
台北市政府警察局,臺北市中正區
行政院秘書處,臺北市中正區
亞洲廣場大樓管理委員會,臺北市中正區
崇聖大樓管理委員會,臺北市中正區
金融中心管理委員會,臺北市中正區
新光人壽保險股份有限公司(摩天大樓),臺北市中正區
保證責任臺北市台北地下街場地利用合作社,臺北市中正區
行政院農業委員會林業試驗所,臺北市中正區
仰德大樓管理委員會,臺北市中正區
錢櫃企業股份有限公司台北西門分公司,臺北市中正區
立法院,臺北市中正區
永豐商業銀行股份有限公司(城中分公司),臺北市中正區
台灣糖業股份有限公司休閒遊憩事業部,臺北市中正區
中央聯合辦公大樓南棟管理小組,臺北市中正區
臺北市青少年發展處,臺北市中正區
台灣銀行股份有限公司,臺北市中正區
萬華企業股份有限公司(萬企大樓),臺北市中正區
台北市立聯合醫院(和平院區),臺北市中正區
醒吾大樓管理委員會,臺北市中正區
中央聯合辦公大樓北棟管理小組,臺北市中正區
國家表演藝術中心國家兩廳院,臺北市中正區
台北市中正區行政中心管理委員會,臺北市中正區
台北市立建國高級中學,臺北市中正區
台北市水源大廈管理委員會,臺北市中正區
保證責任臺北市站前地下街場地利用合作社,臺北市中正區
臺北市立大學(博愛校區),臺北市中正區
國防部後備指揮部,臺北市中正區
三軍總醫院汀州院區,臺北市中正區
誠品生活股份有限公司站前店(台北車站地下街K區),臺北市中正區
華南商業銀行電腦中心,臺北市中正區
兆豐票券金融股份有限公司(大樓服務處),臺北市中正區
東吳大學(城中校區),臺北市中正區
內政部移民署,臺北市中正區
交通部,臺北市中正區
中華電信股份有限公司北區分公司(仁愛綜合大樓),臺北市中正區
國立臺灣大學公共衛生學院,臺北市中正區
微風場站開發股份有限公司,臺北市中正區
台灣文創發展股份有限公司,臺北市中正區
台北花園大酒店股份有限公司,臺北市中正區
國立台灣大學醫學院附設醫院(兒童醫療大樓),臺北市中正區
臺北市立第一女子高級中學,臺北市中正區
行政院農業委員會,臺北市中正區
城市商旅股份有限公司德立莊分公司,臺北市中正區
衛生福利部中央健康保險署,臺北市中正區
財團法人公共電視文化事業基金會,臺北市內湖區
中國時報文化事業(股)公司(中天電視民權大樓),臺北市內湖區
財金資訊股份有限公司,臺北市內湖區
大潤發流通事業(股)公司內湖分公司,臺北市內湖區
好市多股份有限公司內湖分公司,臺北市內湖區
新世紀資通股份有限公司,臺北市內湖區
是方電訊股份有限公司(麗源大樓),臺北市內湖區
台灣固網股份有限公司,臺北市內湖區
和宇寬頻網路股份有限公司,臺北市內湖區
康寧醫療財團法人康寧醫院,臺北市內湖區
大潤發流通事業股份有限公司南湖分公司,臺北市內湖區
台北市政府工務局衛生下水道工程處(內湖污水處理廠),臺北市內湖區
新世紀資通股份有限公司,臺北市內湖區
國泰人壽保險股份有限公司(資訊大樓),臺北市內湖區
三軍總醫院,臺北市內湖區
燦坤實業股份有限公司,臺北市內湖區
仁寶電腦工業股份有限公司,臺北市內湖區
光寶科技股份有限公司,臺北市內湖區
德明財經科技大學,臺北市內湖區
三立電視股份有限公司,臺北市內湖區
英屬維京群島商銀鯨(股)公司台灣分公司,臺北市內湖區
台新國際商業銀行(股)公司 內湖大樓,臺北市內湖區
數位通國際網路股份有限公司,臺北市內湖區
特力股份有限公司,臺北市內湖區
家福(股)公司內湖分公司,臺北市內湖區
八大電視股份有限公司,臺北市內湖區
是方電訊股份有限公司(宏鼎大樓),臺北市內湖區
精英電腦股份有限公司,臺北市內湖區
領航電信股份有限公司,臺北市內湖區
台北富邦銀行股份有限公司,臺北市內湖區
勇軒有限公司,臺北市內湖區
昇恆昌股份有限公司,臺北市內湖區
台灣固網股份有限公司,臺北市內湖區
富邦媒體科技股份有限公司,臺北市內湖區
台北花卉產銷股份有限公司,臺北市內湖區
國泰人壽保險股份有限公司-潭美大樓,臺北市內湖區
全球人壽保險股份有限公司,臺北市內湖區
全球人壽保險股份有限公司,臺北市內湖區
全球人壽保險股份有限公司,臺北市內湖區
國立政治大學,臺北市文山區
台灣警察專科學校,臺北市文山區
臺北市立動物園,臺北市文山區
台北大眾捷運股份有限公司(文山線),臺北市文山區
世新大學,臺北市文山區
國立台灣師範大學(公館校區),臺北市文山區
台北市立萬芳醫院,臺北市文山區
台北大眾捷運股份有限公司(捷運新店線),臺北市文山區
台北市私立再興高級中學,臺北市文山區
中國科技大學,臺北市文山區
財團法人臺北市私立靜心國民中小學,臺北市文山區
國立陽明大學,臺北市北投區
臺北榮民總醫院,臺北市北投區
衛生福利部國家中醫藥研究所,臺北市北投區
台北大眾捷運股份有限公司(捷運淡水線-北段),臺北市北投區
醫療財團法人辜公亮基金會和信治癌中心醫院,臺北市北投區
城市學校財團法人臺北城市科技大學,臺北市北投區
臺北市立關渡醫院,臺北市北投區
新光產物保險股份有限公司,臺北市北投區
振興醫療財團法人振興醫院,臺北市北投區
國立臺北藝術大學,臺北市北投區
國防大學政治作戰學院,臺北市北投區
華碩電腦,臺北市北投區
國立臺北護理健康大學,臺北市北投區
內政部警政署保安警察第一總隊,臺北市北投區
財團法人慈濟傳播人文志業基金會(慈濟人文志業中心),臺北市北投區
三軍總醫院北投分院,臺北市北投區
台北市私立薇閣高級中學,臺北市北投區
台北市立復興高級中學,臺北市北投區
富邦人壽保險股份有限公司,臺北市北投區
華碩電腦股份有限公司,臺北市北投區
好市多股份有限公司,臺北市北投區
滿合有限公司,臺北市松山區
交通部民用航空局台北國際航空站,臺北市松山區
金融大樓管理處,臺北市松山區
台塑大樓管理委員會,臺北市松山區
長庚醫療財團法人台北長庚紀念醫院,臺北市松山區
台資大樓管理委員會,臺北市松山區
臺灣電視事業股份有限公司,臺北市松山區
台灣化學纖維股份有限公司(明志大樓),臺北市松山區
世界通商金融中心,臺北市松山區
中華開發工業銀行(股)公司中華開發大樓,臺北市松山區
廿一世紀辦公大樓管理委員會,臺北市松山區
萬國商業大樓管理委員會,臺北市松山區
玉山商業銀行股份公司(玉山金融大樓),臺北市松山區
鴻構建設股份有限公司,臺北市松山區
中華航空股份有限公司,臺北市松山區
宏邑開發股份有限公司(宏國大樓),臺北市松山區
國泰人壽保險股份有限公司(中央商業大樓),臺北市松山區
西華大飯店股份有限公司,臺北市松山區
國家企業中心公寓大樓管理委員會,臺北市松山區
大台北區瓦斯股份有限公司,臺北市松山區
德兆建設股份有限公司,臺北市松山區
仙妮蕾德餐旅管理有限公司(王朝大酒店),臺北市松山區
基督復臨安息日會醫療財團法人臺安醫院,臺北市松山區
全億建設股份有限公司,臺北市松山區
富邦人壽大樓,臺北市松山區
京華城股份有限公司,臺北市松山區
宜陸開發股份有限公司(震旦21世紀大樓),臺北市松山區
兆豐國際商業銀行受託國泰二號不動產投資信託基金,臺北市松山區
微風廣場實業股份有限公司,臺北市松山區
民生大樓管理委員會,臺北市松山區
國泰人壽保險股份有限公司(環宇大樓),臺北市松山區
堉群實業股份有限公司,臺北市松山區
兄弟大飯店股份有限公司,臺北市松山區
國防醫學院三軍總醫院松山分院,臺北市松山區
台灣家樂福股份有限公司三民分公司,臺北市松山區
中國人壽敦北大樓管理委員會,臺北市松山區
空軍松山基地指揮部,臺北市松山區
大台北區瓦斯股份有限公司(台北瓦斯網路科技大樓),臺北市松山區
台北市私立育達高級商業家事職業學校,臺北市松山區
臺北大眾捷運股份有限公司(小巨蛋中心),臺北市松山區
元大證券股份有限公司(元大金控大樓),臺北市松山區
交通部鐵路管理局(松山站),臺北市松山區
科技服務大樓管理服務中心,臺北市松山區
永豐商業銀行股份有限公司(松山大樓),臺北市松山區
臺北市政府體育局,臺北市松山區
食祿軒餐廳股份有限公司慶城分公司,臺北市松山區
開泰豐國際股份有限公司,臺北市松山區
臺北大眾捷運股份有限公司(捷運松山線),臺北市松山區
潤泰百益股份有限公司,臺北市松山區
國立國父紀念館,臺北市信義區
太平第一大樓管理委員會,臺北市信義區
財政部財政資訊中心,臺北市信義區
三連大樓管理委員會,臺北市信義區
外貿協會台北世貿中心展覽大樓,臺北市信義區
台北君悅大飯店,臺北市信義區
台北國際會議中心,臺北市信義區
台北市議會,臺北市信義區
中華電信（股）公司北區分公司台北營運處,臺北市信義區
臺北市信義區公所,臺北市信義區
震旦國際股份有限公司,臺北市信義區
康和國際大樓管理委員會,臺北市信義區
臺北市市政大樓公共事務管理中心,臺北市信義區
中國信託商業銀行(股)公司(松壽大樓),臺北市信義區
臺北醫學大學,臺北市信義區
新光三越百貨(股)公司 台北信義分公司一館(A11),臺北市信義區
威秀影城股份有限公司信義分公司,臺北市信義區
鴻菖實業股份有限公司,臺北市信義區
吸引力生活事業股份有限公司,臺北市信義區
台北市立聯合醫院(松德院區),臺北市信義區
台北世界貿易中心國際貿易大樓股份有限公司,臺北市信義區
內政部警政署刑事警察局,臺北市信義區
臺北市公共運輸處,臺北市信義區
鴻隆實業股份有限公司,臺北市信義區
國泰人壽保險股份有限公司(國泰金融中心大樓),臺北市信義區
財團法人台北市教會聚會所(信基大樓),臺北市信義區
臺北醫學大學附設醫院,臺北市信義區
新光三越百貨(股)公司 台北信義分公司二館(A8),臺北市信義區
建鑫開發股份有限公司,臺北市信義區
中華電信台北營運處(東三機房大樓),臺北市信義區
家福(股)公司台北東興分公司,臺北市信義區
國泰人壽保險股份有限公司(信義經貿大樓),臺北市信義區
台北金融大樓股份有限公司購物中心,臺北市信義區
新光三越百貨(股)公司 台北信義分公司三館(A9),臺北市信義區
新光人壽保險(股)公司(新光信義傑仕堡),臺北市信義區
中華電信(股)公司台北東區營運處(東二機房),臺北市信義區
中國信託商業銀行股份有限公司(和信永吉大樓),臺北市信義區
環球世貿大樓管理委員會,臺北市信義區
台北金融大樓股份有限公司,臺北市信義區
中華民國對外貿易發展協會,臺北市信義區
遠雄國際中心管理委員會,臺北市信義區
台灣中油股份有限公司,臺北市信義區
誠品生活股份有限公司信義店,臺北市信義區
統一國際大樓管理委員會,臺北市信義區
新光三越百貨(股)公司 台北信義分公司四館(A4),臺北市信義區
大統領經貿廣場管理委員會,臺北市信義區
臺北市協和祐德高級中等學校,臺北市信義區
台北市立松山高級工農職業學校,臺北市信義區
震怡股份有限公司,臺北市信義區
華新麗華股份有限公司,臺北市信義區
全豐盛信義105大樓管理負責人,臺北市信義區
中華電信股份有限公司數據通信分公司(東七大樓),臺北市信義區
中華郵政股份有限公司台北郵局(限時大樓),臺北市信義區
統一開發股份有限公司,臺北市信義區
台北寒舍艾美酒店(寒舍餐旅管理顧問股份有限公司信義分公司),臺北市信義區
統一阪急百貨台北店,臺北市信義區
臺北市政府文化局(松山文化創意園區),臺北市信義區
時代國際飯店股份有限公司,臺北市信義區
新光人壽保險股份有限公司(新光信義金融大樓),臺北市信義區
台北大眾捷運股份有限公司(捷運信義線),臺北市信義區
誠品生活股份有限公司松山分公司,臺北市信義區
潤泰百益股份有限公司,臺北市信義區
遠雄金融中心管理負責人,臺北市信義區
寒舍國際酒店股份有限公司,臺北市信義區
微風置地股份有限公司松高分公司,臺北市信義區
臺北文創大樓管理負責人,臺北市信義區
台灣國際纜網通信股份有限公司,臺北市信義區
微風置地股份有限公司信義分公司,臺北市信義區
國泰人壽保險股份有限公司,臺北市信義區
華南商業銀行股份有限公司,臺北市信義區
中國電視事業股份有限公司,臺北市南港區
衛生福利部疾病管制署,臺北市南港區
台北市立聯合醫院(忠孝院區),臺北市南港區
台北大眾捷運股份有限公司(捷運南港線),臺北市南港區
中央研究院,臺北市南港區
中華學校財團法人中華科技大學,臺北市南港區
南港軟體工業園區二期管理委員會,臺北市南港區
南港軟體工業園區管理委員會,臺北市南港區
陸軍後勤指揮部綜合計畫處,臺北市南港區
國防部軍備局生產製造中心第二０二廠,臺北市南港區
台北市立南港高級工業職業學校,臺北市南港區
財團法人國家實驗研究院國家實驗動物中心,臺北市南港區
衛生福利部食品藥物管理署,臺北市南港區
臺北大眾捷運股份有限公司(內湖線),臺北市南港區
中華民國對外貿易發展協會,臺北市南港區
世正開發股份有限公司,臺北市南港區
交通部台灣鐵路管理局(台鐵南港車站),臺北市南港區
聯華實業股份有限公司,臺北市南港區
中國信託商業銀行股份有限公司,臺北市南港區
衛生福利部,臺北市南港區
潤泰旭展股份有限公司,臺北市南港區
潤泰百益股份有限公司,臺北市南港區
潤泰旭展股份有限公司,臺北市南港區
交通部臺灣鐵路管理局貨運服務總所臺北貨運服務所,臺北市南港區
潤泰旭展股份有限公司,臺北市南港區
中國信託商業銀行股份有限公司,臺北市南港區
中國電視事業股份有限公司,臺北市南港區
世正開發股份有限公司,臺北市南港區
獅子林新光商業綜合大樓,臺北市萬華區
萬華企業股份有限公司,臺北市萬華區
萬年商業大樓管理委員會,臺北市萬華區
財政部臺北國稅局,臺北市萬華區
土銀受託經管國泰一號不動產投信基金專戶,臺北市萬華區
富邦萬國商業大樓,臺北市萬華區
台灣鐵路管理局運務處台北運務段(萬華車站),臺北市萬華區
台北市市場處環南綜合市場,臺北市萬華區
臺北市萬華區行政中心管理委員會,臺北市萬華區
時報大樓,臺北市萬華區
中華電信(股)北區分公司台北營運處(南三機房),臺北市萬華區
誠品生活股份有限公司武昌第一分公司,臺北市萬華區
誠品生活股份有限公司 (漢中第一分公司),臺北市萬華區
家福(股)公司桂林分公司,臺北市萬華區
日暉池上股份有限公司台東分公司(池上日暉國際渡假村),臺東縣池上鄉
綺麗開發企業股份有限公司,臺東縣鹿野鄉
娜路彎大酒店股份有限公司,臺東縣臺東市
馬偕紀念醫院台東分院,臺東縣臺東市
國立臺灣史前文化博物館,臺東縣臺東市
空軍第七三七戰術戰鬥機聯隊,臺東縣臺東市
大潤發流通事業(股)公司台東分公司,臺東縣臺東市
國立台東大學(知本校區),臺東縣臺東市
交通部臺灣鐵路管理局,臺東縣臺東市
交通部臺灣鐵路管理局,臺東縣關山鎮
國泰商旅股份有限公司（台南分公司）,臺南市中西區
中華電信台南營運處(台南民生機房),臺南市中區
新光三越百貨(股)公司 台南中山分公司,臺南市中區
衛生福利部台南醫院,臺南市中區
高青開發股份有限公司,臺南市中區
台灣家樂福(股)公司安平分公司,臺南市中區
國泰人壽保險股份有限公司,臺南市中區
遠東百貨股份有限公司台南分公司,臺南市中區
私立南英高級商工職業學校,臺南市中區
大億國際酒店股份有限公司,臺南市中區
新光三越百貨(股)公司 台南西門分公司(包含電影事業-台南新光影城),臺南市中區
新光三越百貨股份有限公司臺南西門分公司二館,臺南市中區
晶華國際酒店股份有限公司台南分公司,臺南市中區
國立台南大學,臺南市中區
嘉南藥理大學,臺南市仁德區
台灣糖業(股)公司量販事業部嘉年華購物中心,臺南市仁德區
中華醫事科技大學,臺南市仁德區
亞洲航空股份有限公司,臺南市仁德區
家福(股)公司台南仁德分公司,臺南市仁德區
衛生福利部嘉南療養院,臺南市仁德區
財團法人奇美博物館基金會,臺南市仁德區
國立成功大學醫學院附設醫院,臺南市北區
好市多股份有限公司台南分公司,臺南市北區
財團法人國家衛生研究院(南部臨床研究中心),臺南市北區
台南市私立崑山高級中學,臺南市北區
大潤發流通事業股份有限公司台南分公司,臺南市北區
奇美醫療財團法人奇美醫院,臺南市永康區
家福(股)公司台南中華分公司,臺南市永康區
遠百企業股份有限公司台南分公司,臺南市永康區
高雄榮民總醫院臺南分院,臺南市永康區
南臺科技大學,臺南市永康區
家福(股)公司台南中正分公司,臺南市永康區
崑山科技大學,臺南市永康區
台南應用科技大學,臺南市永康區
國立臺南高級工業職業學校,臺南市永康區
桂田酒店股份有限公司,臺南市永康區
中華電信股份有限公司行動通信分公司高雄營運處,臺南市永康區
台南市政府,臺南市安平區
大潤發流通事業（股）公司安平分公司,臺南市安平區
台南市政府(安平水資源回收中心),臺南市安平區
台灣台南地方法院,臺南市安平區
康寧學校財團法人,臺南市安南區
台南市農會(台南市綜合農產品批發市場),臺南市安南區
國立臺灣歷史博物館,臺南市安南區
臺南市立安南醫院-委託中國醫藥大學興建經營,臺南市安南區
中國石油化學工業開發股份有限公司小港廠,臺南市安南區
新光人壽保險(股)公司(新光台南運河大樓),臺南市西區
私立港明高級中學,臺南市西港區
大潤發流通事業股份有限公司台南佳里店分公司,臺南市佳里區
國立臺南藝術大學,臺南市官田區
勞動部勞動力發展署雲嘉南分署,臺南市官田區
國立成功大學,臺南市東區
台南市立文化中心,臺南市東區
遠鼎股份有限公司台南分公司(香格里拉台南遠東國際大飯店),臺南市東區
中華電信公司台南營運處(小東機房),臺南市東區
台灣糖業股份有限公司台糖長榮酒店(台南),臺南市東區
德先股份有限公司台南分公司,臺南市東區
南紡流通事業股份有限公司,臺南市東區
國立成功大學,臺南市東區
台灣基督長老教會新樓醫療財團法人台南新樓醫院,臺南市東區
臺南市私立長榮高級中學,臺南市東區
遠東百貨股份有限公司成功分公司,臺南市東區
台南市立醫德院,臺南市東區
臺南市德光高級中學,臺南市東區
空軍第四四三戰術戰鬥機聯隊,臺南市南區
奇美醫療財團法人柳營奇美醫院,臺南市柳營區
台灣高速鐵路股份有限公司(新營變電站),臺南市柳營區
敏惠醫護管理專科學校,臺南市柳營區
麻豆新樓醫院,臺南市麻豆區
台灣首府學校財團法人台灣首府大學,臺南市麻豆區
真理大學(台南校區),臺南市麻豆區
台灣鐵路管理局(善化變電站),臺南市善化區
科技部南部科學工業園區(污水處理廠),臺南市新市區
遠東科技大學,臺南市新市區
財團法人國家實驗研究院國家高速網路與計算中心,臺南市新市區
財團法人國家實驗研究院國家實驗動物中心(南科分中心),臺南市新市區
家福股份有限公司新營分公司,臺南市新營區
興國學校財團法人台南市興國高級中學,臺南市新營區
衛生福利部新營醫院,臺南市新營區
長榮大學,臺南市歸仁區
台灣高速鐵路股份有限公司(台南車站),臺南市歸仁區
陸軍航空特戰指揮部,臺南市歸仁區
南榮科技大學,臺南市鹽水區
耕莘健康管理專科學校,宜蘭縣三星鄉
國立傳統藝術中心,宜蘭縣五結鄉
統一蘭陽藝文股份有限公司,宜蘭縣五結鄉
宜蘭縣政府,宜蘭縣宜蘭市
國立宜蘭大學,宜蘭縣宜蘭市
國立陽明大學附設醫院,宜蘭縣宜蘭市
友愛百貨股份有限公司,宜蘭縣宜蘭市
家福(股)公司宜蘭分公司,宜蘭縣宜蘭市
環華豐股份有限公司,宜蘭縣宜蘭市
陸軍步兵第153旅,宜蘭縣宜蘭市
工信工程股份有限公司,宜蘭縣南澳鄉
工信工程股份有限公司,宜蘭縣南澳鄉
台北榮民總醫院員山分院,宜蘭縣員山鄉
宜蘭縣私立慧燈高級中學,宜蘭縣員山鄉
蘭陽技術學院,宜蘭縣頭城鎮
東森海洋溫泉酒店股份有限公司,宜蘭縣頭城鎮
台灣鐵路管理局(礁溪變電站),宜蘭縣礁溪鄉
佛光大學,宜蘭縣礁溪鄉
五鳳旗實業股份有限公司(礁溪老爺大酒店),宜蘭縣礁溪鄉
交通部台灣區國道高速公路局北區工程處(雪山隧道行控中心),宜蘭縣礁溪鄉
鳳凰酒店股份有限公司,宜蘭縣礁溪鄉
財團法人天主教靈醫會羅東聖母醫院,宜蘭縣羅東鎮
醫療財團法人羅許基金會 羅東博愛醫院,宜蘭縣羅東鎮
台灣鐵路管理局(蘇澳變電站),宜蘭縣蘇澳鎮
臺北榮民總醫院蘇澳分院,宜蘭縣蘇澳鎮
臺北榮民總醫院玉里分院,花蓮縣玉里鎮
交通部臺灣鐵路管理局玉里變電站,花蓮縣玉里鎮
交通部臺灣鐵路管理局,花蓮縣光復鄉
空軍第三後勤指揮部(花蓮),花蓮縣吉安鄉
和平工業區專用港實業股份有限公司,花蓮縣秀林鄉
台灣鐵路管理局(和平變電站),花蓮縣秀林鄉
天祥晶華飯店股份有限公司,花蓮縣秀林鄉
佛教慈濟醫療財團法人花蓮慈濟醫院,花蓮縣花蓮市
宜津企業股份有限公司花蓮分公司(美侖大飯店),花蓮縣花蓮市
臺灣基督教門諾會醫療財團法人,花蓮縣花蓮市
衛生福利部花蓮醫院,花蓮縣花蓮市
慈濟大學,花蓮縣花蓮市
交通部台灣鐵路管理局,花蓮縣花蓮市
空軍第四零一戰術混合聯隊,花蓮縣花蓮市
空軍基訓部(佳山基地),花蓮縣花蓮市
財團法人中華民國佛教慈濟慈善事業基金會,花蓮縣花蓮市
遠東百貨(股)公司花蓮和平分公司,花蓮縣花蓮市
福容大飯店股份有限公司花蓮分公司,花蓮縣花蓮市
家福(股)公司花蓮新城分公司,花蓮縣新城鄉
國軍花蓮總醫院,花蓮縣新城鄉
交通部民用航空局花蓮航空站,花蓮縣新城鄉
國立東華大學,花蓮縣壽豐鄉
遠雄悅來大飯店股份有限公司,花蓮縣壽豐鄉
理想大地股份有限公司,花蓮縣壽豐鄉
遠雄海洋公園股份有限公司,花蓮縣壽豐鄉
臺北榮民總醫院鳳林分院,花蓮縣鳳林鎮
金門縣港務處,金門縣金城鎮
交通部民用航空局金門航空站,金門縣金湖鎮
台灣工商發展股份有限公司,金門縣金湖鎮
衛生福利部金門醫院,金門縣金湖鎮
駿陞事業股份有限公司,金門縣金湖鎮
國立金門大學,金門縣金寧鄉
竹山秀傳醫院,南投縣竹山鎮
家福(股)公司南投分公司,南投縣南投市
南投縣政府(縣政中心辦公大樓),南投縣南投市
衛生福利部南投醫院,南投縣南投市
臺中榮民總醫院埔里分院,南投縣埔里鎮
國立暨南國際大學,南投縣埔里鎮
埔基醫療財團法人埔里基督教醫院,南投縣埔里鎮
財團法人南投縣私立普台高級中學,南投縣埔里鎮
南開科技大學,南投縣草屯鎮
行政院衛生福利部草屯療養院,南投縣草屯鎮
寶島時代村股份有限公司,南投縣草屯鎮
九族文化村股份有限公司,南投縣魚池鄉
涵碧樓大飯店股份有限公司,南投縣魚池鄉
雲品國際酒店股份有限公司日月潭分公司,南投縣魚池鄉
合家歡休閒股份有限公司(溪頭米堤大飯店),南投縣鹿谷鄉
陸軍兵工整備發展中心,南投縣集集鎮
國立屏東科技大學,屏東縣內埔鄉
高雄榮民總醫院屏東分院,屏東縣內埔鄉
美和學校財團法人美和科技大學,屏東縣內埔鄉
海景世界企業股份有限公司,屏東縣車城鄉
安泰醫療社團法人安泰醫院,屏東縣東港鎮
輔英科技大學附設醫院,屏東縣東港鎮
國軍防空砲兵訓練中心,屏東縣枋山鄉
財團法人中央廣播電臺枋寮分臺,屏東縣枋寮鄉
慈惠醫護管理專科學校,屏東縣南州鄉
衛生福利部屏東醫院,屏東縣屏東市
豐屏興業股份有限公司(太平洋百貨),屏東縣屏東市
家福(股)公司屏東分公司,屏東縣屏東市
屏基醫療財團法人屏東基督教醫院,屏東縣屏東市
國立屏東大學,屏東縣屏東市
國立屏東大學(屏商分校),屏東縣屏東市
屏東縣政府,屏東縣屏東市
台灣糖業(股)公司量販事業部屏東量販店,屏東縣屏東市
空軍第四三九混合聯隊,屏東縣屏東市
屏東縣屏榮高級中學,屏東縣屏東市
國仁醫院,屏東縣屏東市
環球購物中心股份有限公司屏東分公司,屏東縣屏東市
空軍第一後勤指揮部,屏東縣屏東市
寶建醫療社團法人寶建醫院,屏東縣屏東市
交通部臺灣鐵路管理局(屏東車站),屏東縣屏東市
凱撒大飯店股份有限公司,屏東縣恆春鎮
耕頂興業股份有限公司(墾丁福華飯店),屏東縣恆春鎮
悠活渡假事業股份有限公司,屏東縣恆春鎮
南仁湖育樂股份有限公司(小墾丁渡假村),屏東縣滿州鄉
交通部臺灣鐵路管理局潮州基地,屏東縣潮州鎮
大仁科技大學,屏東縣鹽埔鄉
行政院農業委員會家畜衛生試驗所動物用藥品檢定分所,苗栗縣竹南鎮
財團法人國家衛生研究院,苗栗縣竹南鎮
台灣高速鐵路股份有限公司(苗栗變電站),苗栗縣西湖鄉
交通部台灣鐵路管理局彰化電力段（後龍變電站）,苗栗縣後龍鎮
衛生福利部苗栗醫院,苗栗縣苗栗市
交通部臺灣鐵路管理局彰化電力段(苗栗變電站),苗栗縣苗栗市
國立聯合大學,苗栗縣苗栗市
苗栗縣私立建台高級中學,苗栗縣苗栗市
家福股份有限公司苗栗分公司,苗栗縣苗栗市
苗栗縣政府,苗栗縣苗栗市
國立聯合大學,苗栗縣苗栗市
育達科技大學,苗栗縣造橋鄉
客家委員會客家文化發展中心,苗栗縣銅鑼鄉
財團法人為恭紀念醫院,苗栗縣頭份鎮
亞太創意技術學院,苗栗縣頭份鎮
大潤發流通事業股份有限公司頭份分公司,苗栗縣頭份鎮
尚順開發股份有限公司,苗栗縣頭份鎮
尚順開發股份有限公司,苗栗縣頭份鎮
尚順文創產業股份有限公司,苗栗縣頭份鎮
臺灣省桃園縣私立新興高級中學,桃園市八德區
大潤發流通事業股份有限公司八德分公司,桃園市八德區
國防大學,桃園市八德區
經濟部工業局大園工業區服務中心,桃園市大園區
財政部關務署臺北關(桃園國際機場海關通關大樓),桃園市大園區
永儲股份有限公司桃園廠三廠,桃園市大園區
長榮空運倉儲股份有限公司,桃園市大園區
桃園國際機場股份有限公司,桃園市大園區
遠雄航空自由貿易港區股份有限公司,桃園市大園區
裕利(股)公司(大園物流中心),桃園市大園區
遠雄航空自由貿易港區(股)公司(加值園區廠辦大樓),桃園市大園區
華航園區股份有限公司(台北諾富特華航桃園機場飯店),桃園市大園區
桃禧航空城大飯店股份有限公司,桃園市大園區
華航園區股份有限公司,桃園市大園區
交通部高速鐵路工程局,桃園市大園區
香港商台灣利豐物流有限公司台灣分公司,桃園市大園區
遠雄航空自由貿易港區股份有限公司,桃園市大園區
國防大學理工學院,桃園市大溪區
國立中央大學,桃園市中壢區
中原大學,桃園市中壢區
太平洋崇光百貨(股)公司中壢分公司,桃園市中壢區
行政院環境保護署環境檢驗所,桃園市中壢區
健行學校財團法人健行科技大學,桃園市中壢區
大江國際股份有限公司中壢分公司,桃園市中壢區
大潤發流通事業(股)公司中壢分公司,桃園市中壢區
萬能科技大學,桃園市中壢區
財團法人私立元智大學,桃園市中壢區
家福(股)公司桃園中壢分公司,桃園市中壢區
台灣省桃園縣私立啟英高級中學,桃園市中壢區
台灣家樂福(股)公司中原分公司,桃園市中壢區
家福股份有限公司內壢分公司,桃園市中壢區
陸軍專科學校（龍關營區）,桃園市中壢區
台灣高速鐵路股份有限公司(桃園車站),桃園市中壢區
古華股份有限公司(古華花園飯店),桃園市中壢區
桃園創新科技學校財團法人桃園創新技術學院,桃園市中壢區
中華電信(股)公司數據通信分公司(中壢數據大樓),桃園市中壢區
經濟部工業局中壢工業區服務中心,桃園市中壢區
樹籽股份有限公司桃園分公司(南方莊園渡假飯店),桃園市中壢區
捷盟行銷股份有限公司,桃園市中壢區
統一速達股份有限公司(中壢綜合轉運中心),桃園市中壢區
好市多股份有限公司,桃園市中壢區
台灣省桃園縣六和高級中學,桃園市平鎮區
大潤發流通事業股份有限公司平鎮分公司,桃園市平鎮區
桃園縣育達高級中學,桃園市平鎮區
壢新醫院,桃園市平鎮區
復旦學校財團法人桃園縣私立復旦高級中學,桃園市平鎮區
晶悅國際飯店股份有限公司,桃園市桃園區
華儲股份有限公司,桃園市桃園區
衛生福利部桃園醫院,桃園市桃園區
長榮航空股份有限公司,桃園市桃園區
台北榮民總醫院桃園分醫院,桃園市桃園區
統領百貨股份有限公司桃園分公司,桃園市桃園區
遠百企業股份有限公司桃園分公司,桃園市桃園區
沙爾德聖保祿修女會醫療財團法,桃園市桃園區
敏盛綜合醫院,桃園市桃園區
新光三越百貨(股)公司 桃園大有分公司,桃園市桃園區
家福(股)公司桃園春日分公司,桃園市桃園區
台灣家樂福(股)公司經國分公司&長陽開發(股)公司,桃園市桃園區
遠東百貨股份有限公司桃園分公司,桃園市桃園區
新光三越百貨(股)公司 桃園站前分公司,桃園市桃園區
臺灣桃園農田水利會,桃園市桃園區
桃園市政府,桃園市桃園區
登瑞國際開發股份有限公司(尊爵大飯店),桃園市桃園區
行政院農業委員會農糧署北區分署,桃園市桃園區
中華電信(股)公司行動通信分公司台北營運處(桃園富國行通大樓),桃園市桃園區
新光紡織股份有限公司(新光桃園國際金融大樓),桃園市桃園區
衛生福利部桃園療養院,桃園市桃園區
桃園市政府體育局,桃園市桃園區
宜家家居股份有限公司桃園分公司,桃園市桃園區
雲朗觀光股份有限公司桃園分公司,桃園市桃園區
桃園縣私立振聲高級中學,桃園市桃園區
中華電信(股)公司台灣北區電信分公司桃園營運處,桃園市桃園區
財政部北區國稅局,桃園市桃園區
中華電信股份有限公司台灣北區電信分公司桃園營運處,桃園市桃園區
中華電信股份有限公司電信研究院,桃園市楊梅區
揚昇育樂事業股份有限公司,桃園市楊梅區
勞動部勞動力發展署桃竹苗分署,桃園市楊梅區
遠百企業股份有限公司楊梅分公司,桃園市楊梅區
台灣高速鐵路股份有限公司(楊梅變電站),桃園市楊梅區
怡仁綜合醫院,桃園市楊梅區
桃園縣私立治平高級中學,桃園市楊梅區
桃園縣私立永平高級工商職業學校,桃園市楊梅區
台灣大昌華嘉股份有限公司(龍潭物流中心),桃園市楊梅區
行政院原子能委員會核能研究所,桃園市龍潭區
陸軍司令部人事軍務處,桃園市龍潭區
國軍桃園總醫院,桃園市龍潭區
宏碁股份有限公司,桃園市龍潭區
小人國企業股份有限公司,桃園市龍潭區
陸軍航空第六0一旅,桃園市龍潭區
財團法人圓桌教育基金會,桃園市龍潭區
財團法人長庚紀念醫院林口分院,桃園市龜山區
國立體育大學,桃園市龜山區
長庚大學,桃園市龜山區
龍華科技大學,桃園市龜山區
銘傳大學(桃園校區),桃園市龜山區
中央警察大學,桃園市龜山區
長庚醫療財團法人附設長青護理之家,桃園市龜山區
長庚醫療財團法人桃園長庚紀念醫院,桃園市龜山區
陸軍飛彈光電基地勤務廠,桃園市龜山區
台電訓練所林口核能訓練中心,桃園市龜山區
嘉里大榮物流股份有限公司(林口國際物流中心),桃園市龜山區
光啟學校財團法人桃園縣光啟高級中學,桃園市龜山區
衛生福利部樂生療養院,桃園市龜山區
法務部矯正署台北監獄,桃園市龜山區
兆豐國際商業銀行股份有限公司,桃園市龜山區
長庚學校財團法人長庚科技大學,桃園市龜山區
長庚醫療財團法人林口長庚紀念醫院,桃園市龜山區
亞朔開發股份有限公司,桃園市龜山區
亞朔開發股份有限公司,桃園市龜山區
長榮國際股份有限公司,桃園市蘆竹區
新台茂環球股份有限公司南崁分公司,桃園市蘆竹區
開南大學,桃園市蘆竹區
歡影城股份有限公司,桃園市蘆竹區
昇捷國際開發股份有限公司(尊爵天際大飯店),桃園市蘆竹區
特力屋股份有限公司（南崁分公司）,桃園市蘆竹區
好市多股份有限公司桃園分公司,桃園市蘆竹區
經濟部工業局觀音工業區服務中心,桃園市觀音區
國防部心理作戰大隊第四中隊第二機務分隊,桃園市觀音區
財團法人台灣大電力研究試驗中心,桃園市觀音區
好市多股份有限公司物流分公司,桃園市觀音區
高雄醫學大學附設中和紀念醫院,高雄市三民區
大樂(股)公司,高雄市三民區
家福(股)公司高雄愛河分公司,高雄市三民區
國立科學工藝博物館,高雄市三民區
國泰人壽保險股份有限公司(高雄商業大樓),高雄市三民區
好來屋育樂股份有限公司,高雄市三民區
高雄市立志高級中學,高雄市三民區
國立高雄應用科技大學(建工校區),高雄市三民區
文藻學校財團法人文藻外語大學,高雄市三民區
家福股份有限公司高雄十全分公司,高雄市三民區
高雄醫學大學,高雄市三民區
50層世貿大樓管理委員會,高雄市三民區
家福(股)公司高雄鼎山分公司,高雄市三民區
中華電信(股)公司高雄營運處(十全機房),高雄市三民區
高雄市私立樹德高級家事商業職業學校,高雄市三民區
中華電信(股)公司行動通信分公司高雄營運處,高雄市三民區
高雄市立高雄高級工業職業學校,高雄市三民區
經濟部工業局仁大工業區服務中心,高雄市大社區
輔英科技大學,高雄市大寮區
中山學校財團法人高雄市中山高級工商職業學校,高雄市大寮區
和春技術學院,高雄市大寮區
榮民工程股份有限公司,高雄市大寮區
日商鹿島營造股份有限公司台灣分公司,高雄市大寮區
台灣鐵路管理局(九曲堂變電站),高雄市大樹區
義守大學(校本部),高雄市大樹區
東方佛教學院,高雄市大樹區
國防部軍備局生產製造中心第２０ ５廠（光復營區）,高雄市大樹區
佛光山寺,高雄市大樹區
財團法人高雄市私立義大國際高級中學,高雄市大樹區
泛喬股份有限公司,高雄市大樹區
義大開發股份有限公司,高雄市大樹區
財團法人人間文教基金會(佛陀紀念館),高雄市大樹區
義守大學(醫學院區),高雄市大樹區
東森國際(股)公司高雄營運管理處,高雄市小港區
國立高雄餐旅大學,高雄市小港區
高雄市立小港醫院（委託財團法人私立高雄醫學大學經營）,高雄市小港區
民用航空局高雄國際航空站,高雄市小港區
台灣港務股份有限公司高雄港務分公司,高雄市小港區
東森國際(股)公司高雄營運管理處,高雄市小港區
高明貨櫃碼頭股份有限公司,高雄市小港區
春原營造股份有限公司大林潛盾聯合承攬辦事處,高雄市小港區
臺灣電力股份有限公司核能火力發電工程處南部施工處,高雄市小港區
日商鹿島營造股份有限公司台灣分公司,高雄市小港區
台灣高速鐵路股份有限公司(左營基地),高雄市仁武區
實踐大學高雄校區,高雄市內門區
高雄榮民總醫院,高雄市左營區
國家運動訓練中心,高雄市左營區
中華郵政股份有限公司高雄郵件處理中心,高雄市左營區
國軍高雄總醫院左營分院,高雄市左營區
台灣高速鐵路股份有限公司(左營車站),高雄市左營區
台灣高速鐵路股份有限公司(左營變電站),高雄市左營區
崇神開發實業(股)公司高雄分公司(漢神巨蛋購物廣場),高雄市左營區
高雄市政府公務人力發展中心(蓮潭會館),高雄市左營區
凱格大巨蛋運動股份有限公司,高雄市左營區
新光三越百貨(股)公司 高雄左營分公司二館,高雄市左營區
高雄市體育處,高雄市左營區
新光三越百貨(股)公司 高雄左營分公司,高雄市左營區
冠友生活股份有限公司,高雄市左營區
交通部台灣區國道高速公路局南區工程處,高雄市田寮區
台灣鐵路管理局(岡山變電站),高雄市岡山區
國軍高雄總醫院岡山分院,高雄市岡山區
空軍第三後勤指揮部(岡山),高雄市岡山區
空軍航空技術學院,高雄市岡山區
空軍軍官學校,高雄市岡山區
空軍航空技術學院,高雄市岡山區
國賓大飯店股份有限公司高雄分公司,高雄市前金區
大統百貨企業(股)公司大立分公司,高雄市前金區
高雄市政府警察局,高雄市前金區
漢來國際飯店股份有限公司(漢來大飯店),高雄市前金區
國泰人壽保險股份有限公司(高雄中華大樓),高雄市前金區
高雄市立大同醫院(委託財團法人私立高雄醫學大學附設中和紀念醫院經營),高雄市前金區
漢神名店百貨(股)公司,高雄市前金區
大統百貨企業股份有限公司精品分公司,高雄市前金區
臺灣高雄地方法院,高雄市前金區
交通部臺灣港務股份有限公司高雄港務分公司,高雄市前鎮區
臺灣港務股份有限公司高雄港務分公司,高雄市前鎮區
交通部臺灣港務股份有限公司高雄港分公司,高雄市前鎮區
寶成企業大樓管理委員會,高雄市前鎮區
新光三越百貨(股)公司 高雄三多分公司,高雄市前鎮區
好市多股份有限公司高雄分公司,高雄市前鎮區
家福(股)公司高雄光華分公司,高雄市前鎮區
中華民國經貿中心大廈,高雄市前鎮區
太平洋崇光百貨(股)公司高雄分公司,高雄市前鎮區
華運倉儲實業股份有限公司前鎮廠,高雄市前鎮區
五洲倉儲股份有限公司,高雄市前鎮區
國防部軍備局生產製造中心第２０５廠,高雄市前鎮區
臺灣港務股份有限公司高雄港務分公司,高雄市前鎮區
台灣中油(股)公司石化事業部前鎮儲運所,高雄市前鎮區
高雄捷運股份有限公司,高雄市前鎮區
國泰中央廣場管理委員會,高雄市前鎮區
台灣家樂福(股)公司成功分公司,高雄市前鎮區
統正開發股份有限公司(夢時代購物中心),高雄市前鎮區
宜家家居股份有限公司高雄分公司,高雄市前鎮區
高雄軟體科技園區南區綜合大樓管理委員會,高雄市前鎮區
高雄展覽館股份有限公司,高雄市前鎮區
中國鋼鐵股份有限公司,高雄市前鎮區
國泰建商旅股份有限公司高雄分公司,高雄市前鎮區
高雄市政府財政局,高雄市前鎮區
高雄市政府捷運工程局,高雄市前鎮區
高雄市立圖書館,高雄市前鎮區
揚信科技股份有限公司,高雄市前鎮區
高雄市政府文化局(高雄市文化中心),高雄市苓雅區
國立高雄師範大學(和平校區),高雄市苓雅區
亞太財經廣場管理委員會,高雄市苓雅區
高雄市政府秘書處(四維行政中心),高雄市苓雅區
高雄市立凱旋醫院,高雄市苓雅區
高雄８５大樓管理委員會,高雄市苓雅區
高雄市私立三信高級家事商業職業學校,高雄市苓雅區
維士比大樓管理委員會,高雄市苓雅區
寶成中正大樓管理委員會,高雄市苓雅區
高雄市立民生醫院,高雄市苓雅區
遠百亞太開發股份有限公司,高雄市苓雅區
大統百貨企業（股）公司和平分公司,高雄市苓雅區
阮綜合醫療社團法人阮綜合醫院,高雄市苓雅區
國泰人壽保險股份有限公司(高雄四維財經大樓),高雄市苓雅區
天主教道明高級中學,高雄市苓雅區
國軍高雄總醫院,高雄市苓雅區
天主教聖功醫療財團法人聖功醫院,高雄市苓雅區
寒軒國際大飯店股份有限公司,高雄市苓雅區
國泰人壽保險股份有限公司(四維大樓),高雄市苓雅區
麗尊開發股份有限公司(麗尊大酒店),高雄市苓雅區
凱撒帝苑視聽歌唱行,高雄市苓雅區
長庚醫療財團法人高雄長庚紀念醫院,高雄市鳥松區
正修科技大學,高雄市鳥松區
東方學校財團法人東方設計學院,高雄市湖內區
中華電信(股)高雄營運處(中山機房),高雄市新興區
中華電信(股)公司台灣南區電信分公司,高雄市新興區
國泰人壽保險股份有限公司(中正大樓),高雄市新興區
中華電信股份有限公司國際電信分公司,高雄市新興區
福華大飯店(股)公司高雄分公司,高雄市新興區
高雄市稅捐稽徵處,高雄市新興區
寶成世紀大樓管理委員會,高雄市新興區
中華電信(股)公司高雄營運處(七賢機房),高雄市新興區
台灣檢驗科技股份有限公司,高雄市楠梓區
國立高雄海洋科技大學,高雄市楠梓區
財團法人金屬工業研究發展中心,高雄市楠梓區
台灣中油股份有限公司煉製事業部(後勁宿舍),高雄市楠梓區
台灣糖業(股)公司量販事業部楠梓量販店,高雄市楠梓區
國立高雄大學,高雄市楠梓區
台灣家樂福股份有限公司楠梓分公司,高雄市楠梓區
高苑科技大學,高雄市路竹區
樹人醫護管理專科學校,高雄市路竹區
國立中山大學,高雄市鼓山區
高雄市立聯合醫院,高雄市鼓山區
好市多股份有限公司大順分公司,高雄市鼓山區
陸軍第八軍團,高雄市旗山區
高雄市政府水利局(中區污水處理廠),高雄市旗津區
台灣港務股份有限公司高雄港務分公司,高雄市旗津區
鳳山果菜市場,高雄市鳳山區
家福股份有限公司五甲分公司,高雄市鳳山區
家福(股)公司高雄鳳山分公司,高雄市鳳山區
陸軍軍官學校,高雄市鳳山區
中正國防幹部預備學校,高雄市鳳山區
高雄市體育處(附屬鳳山體育場),高雄市鳳山區
鳳山溪污水處理廠,高雄市鳳山區
交通部臺灣鐵路管理局高雄機廠,高雄市鳳山區
大潤發流通事業股份有限公司鳳山分公司,高雄市鳳山區
陸軍步兵訓練指揮部,高雄市鳳山區
私立高苑高級工商職業學校,高雄市橋頭區
國立高雄第一科技大學,高雄市燕巢區
樹德科技大學,高雄市燕巢區
義大醫療財團法人義大醫院,高雄市燕巢區
台灣高速鐵路股份有限公司(岡山變電站),高雄市燕巢區
台灣高速鐵路股份有限公司(燕巢總機廠),高雄市燕巢區
國立高雄師範大學(燕巢校區),高雄市燕巢區
國立高雄應用科技大學(燕巢校區),高雄市燕巢區
台灣中油股份有限公司油品行銷事業部基隆儲運處石門供油服務中心,基隆市七堵區
陽明海運股份有限公司(陽明七堵大樓),基隆市七堵區
臺灣鐵路管理局七堵機務段(七堵調車場),基隆市七堵區
交通部鐵路管理局七堵車站,基隆市七堵區
臺灣港務股份有限公司基隆港務分公司,基隆市中山區
台灣中油股份有限公司基隆供油中心,基隆市中山區
經國管理暨健康學院,基隆市中山區
中國貨櫃運輸股份有限公司,基隆市中山區
基隆市文化局(基隆市立文化中心),基隆市中正區
國立臺灣海洋大學,基隆市中正區
長榮國際股份有限公司基隆分公司,基隆市中正區
慶陽海洋企業股份有限公司,基隆市中正區
聯興國際通運股份有限公司,基隆市中正區
長庚醫療財團法人基隆長庚紀念醫院,基隆市安樂區
東逸企業股份有限公司基隆分公司八堵物流中心,基隆市安樂區
交通部台灣區國道高速公路局北區工程處(木柵工務段),基隆市安樂區
長庚醫療財團法人 基隆長庚紀念醫院(情人湖院區),基隆市安樂區
衛生福利部基隆醫院,基隆市信義區
遠百企業(股)公司基隆分公司,基隆市信義區
財團法人中央廣播電台口湖分台,雲林縣口湖鄉
台灣高速鐵路股份有限公司(雲林變電站),雲林縣土庫鎮
國立雲林科技大學,雲林縣斗六市
國立台灣大學醫學院附設醫院雲林分院斗六院區,雲林縣斗六市
環球學校財團法人環球科技大學,雲林縣斗六市
交通部臺灣鐵路管理局彰化電力段(石榴變電站),雲林縣斗六市
私立正心高級中學,雲林縣斗六市
國立成功大學醫學院附設醫院斗六分院,雲林縣斗六市
台灣家樂福(股)公司斗六分公司,雲林縣斗六市
大潤發流通事業(股)公司斗南分公司,雲林縣斗南鎮
台灣糖業(股)公司量販事業部北港量販店,雲林縣北港鎮
中國醫藥大學北港附設醫院,雲林縣北港鎮
劍湖山世界(股)公司(摩天廣場),雲林縣古坑鄉
劍湖山世界股份有限公司(主題樂園),雲林縣古坑鄉
劍湖山世界股份有限公司(劍湖山王子飯店),雲林縣古坑鄉
彰化基督教醫療財團法人雲林基督教醫院,雲林縣西螺鎮
天主教若瑟醫療財團法人若瑟醫院,雲林縣虎尾鎮
國立虎尾科技大學,雲林縣虎尾鎮
雲林縣肉品市場股份有限公司,雲林縣虎尾鎮
雲林縣私立大成高級商工職業學校,雲林縣虎尾鎮
國立台灣大學醫學院附設醫院雲林分院虎尾院區,雲林縣虎尾鎮
長庚醫療財團法人雲林長庚紀念醫院,雲林縣麥寮鄉
財團法人中央廣播電台褒忠分臺,雲林縣褒忠鄉
台北市政府工務局衛生下水道工程處（八里污水處理廠）,新北市八里區
臺灣港務股份有限公司基隆港務分公司臺北港營運處,新北市八里區
衛生福利部八里療養院,新北市八里區
台北港貨櫃碼頭股份有限公司,新北市八里區
交通部公路總局第一區養護工程處,新北市八里區
嘉新水泥股份有限公司,新北市八里區
龍巖股份有限公司三芝真龍殿,新北市三芝區
馬偕學校財團法人馬偕醫護管理專科學校(三芝校區),新北市三芝區
馬偕醫學院,新北市三芝區
介壽民營零售市場股份有限公司,新北市三重區
中華電信(股)公司行動通信分公司台北營運處(三重行通大樓),新北市三重區
遠百企業股份有限公司(三重分公司),新北市三重區
新北市立聯合醫院（三重院區）,新北市三重區
新北市政府三重區公所,新北市三重區
湯臣10號大樓管理委員會,新北市三重區
台灣家樂福股份有限公司重新分公司,新北市三重區
台灣家樂福(股)公司蘆洲分公司,新北市三重區
新北市立三重高級商工職業學校,新北市三重區
行天宮醫療志業醫療財團法人恩主公醫院,新北市三峽區
國立臺北大學(三峽校區),新北市三峽區
國防醫學院預防醫學研究所,新北市三峽區
大板根育樂事業股份有限公司,新北市三峽區
鴻海精密工業股份有限公司第三廠,新北市土城區
德霖技術學院,新北市土城區
財團法人紡織產業綜合研究所,新北市土城區
大潤發流通事業股份有限公司土城分公司,新北市土城區
台灣新北地方法院,新北市土城區
大霸電子頂埔高科技園區公寓大廈管理負責人,新北市土城區
華隆經貿廣場大樓管理委員會,新北市中和區
台北大眾捷運股份有限公司(捷運中和線),新北市中和區
遠東世紀廣場第二期管理委員會,新北市中和區
中和摩天東帝士管理委員會籌備處,新北市中和區
遠東世紀廣場第一期管理委員會,新北市中和區
華夏學校財團法人華夏科技大學,新北市中和區
國立臺灣圖書館,新北市中和區
東森得易購股份有限公司,新北市中和區
家福股份有限公司台北中和分公司,新北市中和區
潤泰全球股份有限公司中和分公司,新北市中和區
仲量聯行股份有限公司,新北市中和區
好市多股份有限公司中和分公司,新北市中和區
漢偉資訊大樓管理委員會,新北市中和區
環球購物中心股份有限公司中和分公司,新北市中和區
台灣省新北市私立南山高級中學,新北市中和區
新北市私立竹林高級中學,新北市中和區
衛生福利部雙和醫院(委託臺北醫學大學興建經營),新北市中和區
台北市政府工務局衛生下水道工程處(獅子頭污水抽水站),新北市五股區
展勝企業股份有限公司(新北市工商展覽中心),新北市五股區
豐東興業股份有限公司,新北市永和區
智光學校財團法人新北市智光高級商工職業學校,新北市永和區
中華電信(股)公司臺灣北區電信分公司新北營運處(國光機房),新北市永和區
永安科技大樓管理委員會,新北市永和區
華梵大學,新北市石碇區
遠東世界中心管理委員會,新北市汐止區
宏錦光股份有限公司(日月光國際家飾館),新北市汐止區
好市多股份有限公司汐止分公司,新北市汐止區
宏碁大樓管理委員會,新北市汐止區
財團法人生物技術開發中心,新北市汐止區
東科大樓管理委員會,新北市汐止區
國泰醫療財團法人汐止國泰綜合醫院,新北市汐止區
聯合報股份有限公司(汐止大樓),新北市汐止區
富信大飯店股份有限公司,新北市汐止區
遠雄U-TOWN管理負責人,新北市汐止區
遠雄建設事業股份有限公司(商場),新北市汐止區
交通部臺灣區國道高速公路局北區工程處(坪林行控中心),新北市坪林區
亞東紀念醫院,新北市板橋區
中華電信股份有限公司電信學院,新北市板橋區
怡寶大樓管理委員會,新北市板橋區
遠東百貨股份有限公司板橋分公司,新北市板橋區
中華電信股份有限公司台灣北區電信分公司新北營運處(板一機房),新北市板橋區
中華電信(股)公司行動通信分公司台北營運處(板橋行通大樓),新北市板橋區
致理科技大學,新北市板橋區
臺灣鐵路管理局臺北運務段(板橋車站),新北市板橋區
新北市政府,新北市板橋區
國立臺灣藝術大學,新北市板橋區
亞東技術學院,新北市板橋區
家福(股)公司台北板橋分公司,新北市板橋區
新世紀資通股份有限公司,新北市板橋區
板橋車站辦公大樓管理小組,新北市板橋區
台北大眾捷運股份有限公司(捷運土城線),新北市板橋區
遠傳電信股份有限公司,新北市板橋區
台灣高速鐵路股份有限公司(板橋車站),新北市板橋區
國泰人壽保險股份有限公司(板橋第二大樓),新北市板橋區
遠東資源開發股份有限公司,新北市板橋區
冠誠生活股份有限公司,新北市板橋區
遠東百貨股份有限公司板橋新站分公司,新北市板橋區
鵬程建設股份有限公司,新北市板橋區
遠鼎股份有限公司板橋營業所,新北市板橋區
新北市立圖書館總館,新北市板橋區
臺灣證券交易所股份有限公司,新北市板橋區
遠百企業股份有限公司板橋南雅分公司,新北市板橋區
醒吾學校財團法人醒吾科技大學,新北市林口區
國防部電訊發展室,新北市林口區
美麗華開發股份有限公司,新北市林口區
國立臺灣師範大學,新北市林口區
台灣電力公司北部施工處,新北市林口區
財團法人中華佛學研究所,新北市金山區
金寶山事業股份有限公司,新北市金山區
財團法人明志科技大學,新北市泰山區
黎明技術學院,新北市泰山區
台電龍門施工處,新北市貢寮區
福隆貝悅大飯店股份有限公司,新北市貢寮區
財團法人中央廣播電臺淡水分臺,新北市淡水區
馬偕紀念醫院淡水分院,新北市淡水區
淡江大學,新北市淡水區
國泰人壽保險(股)公司淡水教育訓練中心,新北市淡水區
聖約翰科技大學,新北市淡水區
真理大學(台北校區),新北市淡水區
行政院農業委員會家畜衛生試驗所,新北市淡水區
海中天育樂開發股份有限公司,新北市淡水區
私立淡江高級中學,新北市淡水區
後備動員幹部訓練中心,新北市淡水區
福容大飯店股份有限公司淡水漁人碼頭分公司,新北市淡水區
台灣家樂福股份有限公司,新北市淡水區
新北市淡水區公所,新北市淡水區
東南科技大學,新北市深坑區
福容大飯店股份有限公司深坑分公司,新北市深坑區
法務部調查局,新北市新店區
天主教耕莘醫療財團法人耕莘醫院,新北市新店區
景文科技大學,新北市新店區
家福(股)公司新店分公司,新北市新店區
台北矽谷管理委員會,新北市新店區
佛教慈濟醫療財團法人台北慈濟醫院,新北市新店區
中華電信(股)公司台北營運處(新店服務中心),新北市新店區
大坪林聯合開發大樓管理委員會,新北市新店區
康橋學校財團法人(新北市康橋高級中學),新北市新店區
康橋學校財團法人(青山校區),新北市新店區
台灣省台北縣私立莊敬高級工業家事職業學校,新北市新店區
宏達國際電子股份有限公司,新北市新店區
交通部台灣區國道高速公路局北區工程處,新北市新店區
天主教耕莘醫療財團法人耕莘醫院(安康院區),新北市新店區
私立輔仁大學,新北市新莊區
衛生福利部臺北醫院,新北市新莊區
鴻金寶夢幻廣場大廈管理委員會,新北市新莊區
新北市政府體育處,新北市新莊區
和泰汽車(股)公司新莊分公司,新北市新莊區
台灣高速鐵路股份有限公司(樹林變電站),新北市新莊區
宜家家居股份有限公司新莊分公司,新北市新莊區
威瑪百貨(股)公司,新北市新莊區
新北市新莊區農會(金融文教大樓),新北市新莊區
台北市政府工務局衛生下水道工程處(新莊污水抽水站),新北市新莊區
中華電信股份有限公司臺灣北區電信分公司新北營運處,新北市新莊區
臺北大眾捷運股份有限公司(新莊線),新北市新莊區
行政院新莊聯合辦公大樓,新北市新莊區
典華幸福資源整合股份有限公司,新北市新莊區
合眾建築經理股份有限公司,新北市新莊區
台灣中油公司液化石油氣事業部深澳港供輸服務中心,新北市瑞芳區
台灣電力股份有限公司綜合研究所(樹林所區),新北市樹林區
家福股份有限公司台北樹林分公司,新北市樹林區
大智通文化行銷(股)公司,新北市樹林區
台灣鐵路管理局(雙溪變電站),新北市雙溪區
臺北大眾捷運股份有限公司(捷運蘆洲線),新北市蘆洲區
富麗生活事業股份有限公司,新北市蘆洲區
國立臺灣大學醫學院附設醫院新竹分院,新竹市北區
大潤發流通事業(股)公司新竹分公司,新竹市北區
空軍第499戰術戰鬥機聯隊,新竹市北區
工業技術研究院(光復院區),新竹市東區
國立清華大學,新竹市東區
國立交通大學,新竹市東區
財團法人國家實驗研究院儀器科技研究中心,新竹市東區
永和商業開發股份有限公司,新竹市東區
財團法人國家同步輻射研究中心,新竹市東區
國立新竹教育大學,新竹市東區
財團法人國家實驗研究院國家奈米元件實驗室,新竹市東區
財團法人國家實驗研究院國家太空中心,新竹市東區
國賓大飯店股份有限公司新竹分公司,新竹市東區
國立交通大學-固態電子大樓(奈米中心),新竹市東區
國泰醫療財團法人新竹國泰綜合醫院,新竹市東區
遠東巨城購物中心股份有限公司新竹分公司,新竹市東區
國立科學工業園區實驗高級中學,新竹市東區
遠百企業股份有限公司新竹分公司,新竹市東區
萊恩廣場管理負責人,新竹市東區
宇佳國際股份有限公司,新竹市東區
台灣鐵路管理局(南港、樹林、內壢、新竹變電站),新竹市東區
太平洋崇光百貨股份有限公司新竹分公司,新竹市東區
芙洛麗精品飯店股份有限公司,新竹市東區
台灣省新竹市私立光復高級中學,新竹市東區
馬偕紀念醫院新竹分院,新竹市東區
德安科技園區公寓大廈管理委員會,新竹市東區
遠東百貨(股)公司新竹分公司,新竹市東區
大潤發流通事業股份有限公司忠孝分公司,新竹市東區
煙波大飯店股份有限公司明湖分公司,新竹市東區
新光三越百貨(股)公司 新竹中華分公司(不包含國賓飯店),新竹市東區
財團法人國家實驗研究院國家高速網路與計算中心,新竹市東區
財團法人國家同步輻射研究中心,新竹市東區
科技部新竹科學工業園區管理局(污水處理廠),新竹市東區
科技部新竹科學工業園區管理局(矽導竹科研發中心),新竹市東區
財團法人食品工業發展研究所,新竹市東區
德安科技園區二期公寓大廈管理委員會,新竹市東區
南山新竹創新大樓社區公寓大廈,新竹市東區
科學工業園區管理局(高層廠房),新竹市東區
國立交通大學,新竹市東區
好市多(股)公司新竹分公司,新竹市東區
玄奘大學,新竹市香山區
中華大學,新竹市香山區
元培醫事科技大學,新竹市香山區
家福股份有限公司新竹竹北分公司,新竹縣竹北市
東元綜合醫院,新竹縣竹北市
新竹縣政府,新竹縣竹北市
台灣高速鐵路股份有限公司(新竹車站),新竹縣竹北市
新竹縣體育場,新竹縣竹北市
承恩建設股份有限公司(新竹喜來登大飯店、豐邑喜來登大飯店),新竹縣竹北市
科技部新竹科學工業園區管理局,新竹縣竹北市
臺灣新竹地方法院檢察署,新竹縣竹北市
工業技術研究院(中興院區),新竹縣竹東鎮
臺北榮民總醫院新竹分院,新竹縣竹東鎮
國立台灣大學醫學院附設醫院竹東分院,新竹縣竹東鎮
大華科技大學,新竹縣芎林鄉
中國科技大學,新竹縣湖口鄉
陸軍裝甲兵訓練指揮部,新竹縣湖口鄉
經濟部工業局新竹工業區服務中心,新竹縣湖口鄉
明新科技大學,新竹縣新豐鄉
六福開發股份有限公司,新竹縣關西鎮
遠東百貨股份有限公司嘉義分公司,嘉義市西區
行政院退除役官兵就業輔導委員會臺中榮民總醫院嘉義分院,嘉義市西區
衛生福利部嘉義醫院,嘉義市西區
新光三越百貨股份有限公司 嘉義垂楊分公司,嘉義市西區
家福(股)公司嘉義分公司,嘉義市西區
國立嘉義大學(蘭潭校區),嘉義市東區
天主教中華聖母修女會醫療財團法人天主教聖馬爾定醫院,嘉義市東區
嘉義市政府,嘉義市東區
家福股份有限公司北門門市,嘉義市東區
戴德森醫療財團法人嘉義基督教醫院,嘉義市東區
耐斯廣場股份有限公司,嘉義市東區
耐斯廣場股份有限公司,嘉義市東區
好市多股份有限公司嘉義分公司,嘉義市東區
臺灣嘉義地方法院,嘉義市東區
大潤發流通事業(股)公司嘉義分公司,嘉義市東區
國立嘉義大學(民雄校區),嘉義市東區
國立嘉義高級工業職業學校,嘉義市東區
佛教慈濟醫療財團法人大林慈濟醫院,嘉義縣大林鎮
財團法人南華大學,嘉義縣大林鎮
嘉義縣政府,嘉義縣太保市
台灣高速鐵路股份有限公司(嘉義車站),嘉義縣太保市
台灣鐵路管理局(嘉義變電站),嘉義縣水上鄉
空軍第四五五戰術戰鬥機聯隊,嘉義縣水上鄉
台灣省嘉義縣私立萬能高級工商職業學校,嘉義縣水上鄉
國立中正大學,嘉義縣民雄鄉
吳鳳科技大學,嘉義縣民雄鄉
長庚醫療財團法人嘉義長庚紀念醫院,嘉義縣朴子市
財團法人稻江科技暨管理學院,嘉義縣朴子市
長庚學校財團法人長庚科技大學嘉義分部,嘉義縣朴子市
行政院國軍退除役官兵輔導委員會灣橋榮民醫院,嘉義縣竹崎鄉
大葉大學,彰化縣大村鄉
私立達德高級商工職業學校,彰化縣田中鎮
彰化基督教醫療財團法人,彰化縣員林市
遠百企業股份有限公司員林店,彰化縣員林鎮
交通部公路總局第二區養護工程處(員林工務段),彰化縣員林鎮
中州科技大學,彰化縣員林鎮
衛生福利部彰化醫院,彰化縣埔心鄉
興業建設股份有限公司員林分公司,彰化縣埔心鄉
明道學校財團法人明道大學,彰化縣埤頭鄉
財團法人中央廣播電台鹿港分台,彰化縣鹿港鎮
財團法人車輛研究測試中心,彰化縣鹿港鎮
統合開發股份有限公司,彰化縣鹿港鎮
秀傳醫療財團法人彰濱秀傳紀念醫院,彰化縣鹿港鎮
秀傳醫療社團法人秀傳紀念醫院,彰化縣彰化市
國立彰化師範大學,彰化縣彰化市
中華電信(股)公司彰化營運處(彰化中二機房),彰化縣彰化市
彰化基督教醫療財團法人彰化基督教醫院(第三醫療大樓及兒童醫院),彰化縣彰化市
家福股份有限公司彰化分公司,彰化縣彰化市
彰化基督教醫療財團法人彰化基督教醫院(第一二醫療大樓),彰化縣彰化市
交通部臺灣鐵路管理局彰化電力段(彰化變電站),彰化縣彰化市
建國科技大學,彰化縣彰化市
彰化基督教醫療財團法人彰化基督教醫院(教學研究大樓),彰化縣彰化市
國立彰化師範大學,彰化縣彰化市
日友環保科技股份有限公司（彰濱資源回收處理廠）,彰化縣線西鄉
特許投資顧問股份有限公司,彰化縣線西鄉
國立澎湖科技大學,澎湖縣馬公市
佳朋開發股份有限公司,澎湖縣馬公市
交通部民航局馬公航空站,澎湖縣湖西鄉